query_code,model_code,cold_median_ms,warm_median_ms
Z01,I,198.515,183.662
Z01,II,233.941,215.531
Z01,III,0.071,0.030
Z01,IV,3.392,2.933
Z02,I,446.974,432.001
Z02,II,459.444,435.126
Z02,III,0.105,0.035
Z02,IV,12.274,12.187
Z03,I,25852.974,25275.591
Z03,II,23985.307,23371.178
Z03,III,1.058,0.487
Z03,IV,13.120,12.408
Z04,I,27644.590,26949.207
Z04,II,25418.302,25805.589
Z04,III,0.409,0.183
Z04,IV,19.341,19.053
Z05,I,446.290,435.162
Z05,II,449.927,436.297
Z05,III,0.301,0.078
Z05,IV,11.103,11.126
Z06,I,820.358,817.447
Z06,II,1020.548,946.870
Z06,III,2.472,2.004
Z06,IV,43.050,42.231
Z07,I,5376.553,5171.659
Z07,II,5550.887,5240.938
Z07,III,0.126,0.034
Z07,IV,0.630,0.233
Z08,I,74.063,61.651
Z08,II,75.578,61.708
Z08,III,0.141,0.0325
Z08,IV,0.390,0.230
Z09,I,182.808,157.539
Z09,II,168.118,154.865
Z09,III,0.123,0.034
Z09,IV,2.536,2.102
Z10,I,27446.036,26678.870
Z10,II,24734.825,24494.681
Z10,III,3.176,2.718
Z10,IV,26.373,25.989
