model_code,operation,component,median_ms,mean_ms,min_ms,max_ms,notes
III,initial_build,total,28251.393,28187.575,27953.728,28364.418,"Full initial build of Model III"
III,initial_build,mv_crop_season,439.775,,,,"Component median"
III,initial_build,mv_municipality_crop_season,26966.503,,,,"Component median"
III,initial_build,mv_land_user_crop_season,800.396,,,,"Component median"
III,initial_build,indexes,22.022,,,,"Component median"
III,refresh,mv_crop_season,437.221,,,,"REFRESH MATERIALIZED VIEW"
III,refresh,mv_municipality_crop_season,26894.229,,,,"REFRESH MATERIALIZED VIEW"
III,refresh,mv_land_user_crop_season,824.710,,,,"REFRESH MATERIALIZED VIEW"
IV,initial_build,total,22137.150,22130.304,22061.680,22180.984,"Full ETL rebuild of Model IV"
IV,initial_build,dimensions,198.243,,,,"Component median"
IV,initial_build,fact,21844.610,,,,"Component median"
IV,initial_build,indexes,60.972,,,,"Component median"
IV,initial_build,analyze,27.659,,,,"Component median"
